target_length,target_depth,iter_no,bug_line_number,bug_type,pred_bug_line_number,pred_bug_type,result
500,0.0,0,1,missing_colon,1,missing_colon,True
500,0.0,1,1,missing_colon,1,missing_colon,True
500,0.0,2,1,missing_colon,1,missing_colon,True
500,0.0,3,2,missing_parenthesis,2,missing_parenthesis,True
500,0.0,4,1,missing_parenthesis,6,mismatched_quotation,False
500,0.0,5,4,mismatched_quotation,4,missing_parenthesis,False
500,0.0,6,1,mismatched_bracket,1,missing_parenthesis,False
500,0.0,7,1,missing_colon,1,missing_colon,True
500,0.0,8,1,keywords_as_identifier,1,keywords_as_identifier,True
500,0.0,9,2,mismatched_quotation,2,missing_colon,False
500,0.0,10,1,missing_colon,1,missing_colon,True
500,0.0,11,1,mismatched_bracket,1,missing_parenthesis,False
500,0.0,12,1,missing_colon,1,missing_colon,True
500,0.0,13,1,mismatched_bracket,1,missing_colon,False
500,0.0,14,1,mismatched_bracket,1,missing_colon,False
500,0.0,15,2,missing_quotation,36,missing_comma,False
500,0.0,16,1,missing_colon,1,missing_colon,True
500,0.0,17,2,missing_comma,2,missing_parenthesis,False
500,0.0,18,2,mismatched_bracket,2,missing_parenthesis,False
500,0.0,19,1,keywords_as_identifier,1,keywords_as_identifier,True
500,0.0,20,7,missing_quotation,7,missing_comma,False
500,0.0,21,3,missing_quotation,3,missing_quotation,True
500,0.0,22,3,missing_quotation,46,missing_colon,False
500,0.0,23,2,mismatched_quotation,2,missing_quotation,False
500,0.0,24,1,keywords_as_identifier,1,keywords_as_identifier,True
500,0.25,0,13,missing_colon,13,missing_colon,True
500,0.25,1,19,missing_colon,19,missing_colon,True
500,0.25,2,13,mismatched_bracket,13,missing_parenthesis,False
500,0.25,3,19,mismatched_quotation,19,missing_quotation,False
500,0.25,4,20,missing_comma,20,missing_comma,True
500,0.25,5,20,mismatched_quotation,20,missing_parenthesis,False
500,0.25,6,19,mismatched_quotation,19,missing_quotation,False
500,0.25,7,19,mismatched_quotation,19,mismatched_quotation,True
500,0.25,8,12,missing_colon,12,missing_colon,True
500,0.25,9,17,missing_comma,17,missing_comma,True
500,0.25,10,14,missing_quotation,14,missing_parenthesis,False
500,0.25,11,17,mismatched_bracket,17,missing_parenthesis,False
500,0.25,12,17,missing_quotation,17,missing_quotation,True
500,0.25,13,21,missing_colon,21,missing_colon,True
500,0.25,14,17,missing_quotation,17,missing_comma,False
500,0.25,15,16,missing_colon,16,missing_colon,True
500,0.25,16,17,mismatched_quotation,17,missing_quotation,False
500,0.25,17,19,mismatched_quotation,19,missing_quotation,False
500,0.25,18,20,mismatched_quotation,11,missing_colon,False
500,0.25,19,17,keywords_as_identifier,1,missing_colon,False
500,0.25,20,15,missing_parenthesis,15,missing_parenthesis,True
500,0.25,21,11,mismatched_bracket,11,missing_colon,False
500,0.25,22,17,keywords_as_identifier,20,keywords_as_identifier,False
500,0.25,23,18,mismatched_quotation,18,missing_quotation,False
500,0.25,24,21,missing_comma,21,missing_comma,True
500,0.5,0,33,missing_quotation,33,missing_quotation,True
500,0.5,1,32,mismatched_bracket,32,mismatched_bracket,True
500,0.5,2,25,missing_comma,25,missing_comma,True
500,0.5,3,34,mismatched_bracket,34,missing_parenthesis,False
500,0.5,4,34,keywords_as_identifier,38,keywords_as_identifier,False
500,0.5,5,32,mismatched_quotation,32,missing_quotation,False
500,0.5,6,36,missing_quotation,36,missing_parenthesis,False
500,0.5,7,27,mismatched_bracket,27,mismatched_bracket,True
500,0.5,8,29,missing_parenthesis,29,missing_parenthesis,True
500,0.5,9,34,mismatched_quotation,34,missing_quotation,False
500,0.5,10,29,missing_quotation,29,missing_quotation,True
500,0.5,11,29,missing_parenthesis,29,missing_parenthesis,True
500,0.5,12,37,missing_colon,37,missing_colon,True
500,0.5,13,29,keywords_as_identifier,29,keywords_as_identifier,True
500,0.5,14,33,mismatched_quotation,33,missing_quotation,False
500,0.5,15,28,mismatched_bracket,28,missing_parenthesis,False
500,0.5,16,33,missing_colon,33,missing_colon,True
500,0.5,17,36,missing_comma,36,missing_comma,True
500,0.5,18,29,missing_quotation,29,missing_parenthesis,False
500,0.5,19,37,missing_comma,37,missing_parenthesis,False
500,0.5,20,31,missing_colon,31,missing_colon,True
500,0.5,21,32,missing_colon,32,missing_colon,True
500,0.5,22,30,mismatched_bracket,30,missing_parenthesis,False
500,0.5,23,32,missing_parenthesis,32,missing_parenthesis,True
500,0.5,24,26,missing_colon,26,missing_colon,True
500,0.75,0,53,keywords_as_identifier,53,keywords_as_identifier,True
500,0.75,1,41,missing_colon,41,missing_colon,True
500,0.75,2,49,missing_colon,49,missing_colon,True
500,0.75,3,50,mismatched_quotation,50,missing_quotation,False
500,0.75,4,47,mismatched_quotation,47,mismatched_quotation,True
500,0.75,5,59,mismatched_quotation,59,mismatched_quotation,True
500,0.75,6,49,mismatched_quotation,49,missing_quotation,False
500,0.75,7,46,missing_colon,46,missing_colon,True
500,0.75,8,52,missing_parenthesis,52,missing_parenthesis,True
500,0.75,9,49,mismatched_bracket,49,missing_parenthesis,False
500,0.75,10,54,missing_comma,54,missing_comma,True
500,0.75,11,52,missing_parenthesis,52,missing_parenthesis,True
500,0.75,12,48,mismatched_bracket,48,mismatched_bracket,True
500,0.75,13,53,missing_comma,53,missing_comma,True
500,0.75,14,45,keywords_as_identifier,45,keywords_as_identifier,True
500,0.75,15,42,keywords_as_identifier,7,keywords_as_identifier,False
500,0.75,16,44,missing_parenthesis,44,missing_parenthesis,True
500,0.75,17,46,mismatched_quotation,46,mismatched_quotation,True
500,0.75,18,47,missing_colon,47,missing_colon,True
500,0.75,19,50,missing_comma,50,missing_comma,True
500,0.75,20,47,mismatched_quotation,47,missing_quotation,False
500,0.75,21,46,missing_comma,46,missing_comma,True
500,0.75,22,46,mismatched_quotation,46,missing_quotation,False
500,0.75,23,51,missing_colon,51,missing_colon,True
500,0.75,24,44,missing_quotation,43,missing_colon,False
500,1.0,0,65,missing_comma,65,missing_parenthesis,False
500,1.0,1,67,missing_quotation,67,missing_comma,False
500,1.0,2,70,missing_colon,70,missing_colon,True
500,1.0,3,64,missing_parenthesis,64,missing_parenthesis,True
500,1.0,4,69,missing_colon,69,missing_colon,True
500,1.0,5,63,missing_quotation,63,missing_quotation,True
500,1.0,6,67,keywords_as_identifier,67,keywords_as_identifier,True
500,1.0,7,73,missing_colon,73,missing_colon,True
500,1.0,8,62,missing_parenthesis,62,missing_parenthesis,True
500,1.0,9,71,keywords_as_identifier,71,missing_quotation,False
500,1.0,10,65,missing_colon,65,missing_colon,True
500,1.0,11,66,mismatched_quotation,66,missing_quotation,False
500,1.0,12,61,missing_comma,61,missing_comma,True
500,1.0,13,68,mismatched_bracket,68,missing_parenthesis,False
500,1.0,14,66,mismatched_quotation,66,missing_quotation,False
500,1.0,15,60,missing_quotation,60,missing_quotation,True
500,1.0,16,61,missing_comma,61,missing_comma,True
500,1.0,17,67,missing_colon,67,missing_colon,True
500,1.0,18,66,mismatched_bracket,66,missing_parenthesis,False
500,1.0,19,59,keywords_as_identifier,60,keywords_as_identifier,False
500,1.0,20,63,missing_comma,63,missing_comma,True
500,1.0,21,67,missing_quotation,67,missing_quotation,True
500,1.0,22,66,mismatched_bracket,66,mismatched_bracket,True
500,1.0,23,66,missing_quotation,66,missing_quotation,True
500,1.0,24,64,missing_quotation,64,missing_quotation,True
1000,0.0,0,1,missing_comma,1,missing_comma,True
1000,0.0,1,1,missing_parenthesis,1,missing_colon,False
1000,0.0,2,3,missing_comma,3,missing_comma,True
1000,0.0,3,1,missing_parenthesis,1,missing_colon,False
1000,0.0,4,7,mismatched_quotation,7,missing_quotation,False
1000,0.0,5,4,missing_quotation,4,missing_quotation,True
1000,0.0,6,2,mismatched_quotation,2,missing_quotation,False
1000,0.0,7,1,mismatched_bracket,1,missing_parenthesis,False
1000,0.0,8,1,keywords_as_identifier,1,keywords_as_identifier,True
1000,0.0,9,3,missing_parenthesis,3,missing_parenthesis,True
1000,0.0,10,3,mismatched_bracket,3,missing_parenthesis,False
1000,0.0,11,1,keywords_as_identifier,1,keywords_as_identifier,True
1000,0.0,12,7,missing_quotation,7,missing_parenthesis,False
1000,0.0,13,2,missing_colon,2,missing_colon,True
1000,0.0,14,5,mismatched_quotation,5,missing_quotation,False
1000,0.0,15,4,missing_comma,4,missing_parenthesis,False
1000,0.0,16,1,keywords_as_identifier,1,keywords_as_identifier,True
1000,0.0,17,3,mismatched_quotation,3,missing_quotation,False
1000,0.0,18,3,missing_quotation,3,missing_quotation,True
1000,0.0,19,3,missing_quotation,3,missing_quotation,True
1000,0.0,20,1,missing_comma,1,missing_comma,True
1000,0.0,21,4,missing_quotation,4,missing_comma,False
1000,0.0,22,1,mismatched_bracket,1,missing_colon,False
1000,0.0,23,1,missing_comma,1,missing_colon,False
1000,0.0,24,1,missing_colon,67,missing_colon,False
1000,0.25,0,39,mismatched_quotation,39,missing_quotation,False
1000,0.25,1,36,missing_colon,36,missing_colon,True
1000,0.25,2,34,missing_quotation,34,missing_parenthesis,False
1000,0.25,3,27,mismatched_quotation,27,missing_quotation,False
1000,0.25,4,24,missing_colon,24,missing_colon,True
1000,0.25,5,37,missing_parenthesis,37,missing_parenthesis,True
1000,0.25,6,39,missing_colon,39,missing_colon,True
1000,0.25,7,35,missing_colon,35,missing_colon,True
1000,0.25,8,36,missing_parenthesis,36,missing_parenthesis,True
1000,0.25,9,33,keywords_as_identifier,33,keywords_as_identifier,True
1000,0.25,10,30,missing_parenthesis,30,missing_parenthesis,True
1000,0.25,11,35,missing_comma,35,missing_comma,True
1000,0.25,12,29,missing_quotation,29,missing_comma,False
1000,0.25,13,33,keywords_as_identifier,33,keywords_as_identifier,True
1000,0.25,14,32,missing_parenthesis,32,missing_parenthesis,True
1000,0.25,15,29,keywords_as_identifier,116,missing_parenthesis,False
1000,0.25,16,33,missing_comma,33,missing_comma,True
1000,0.25,17,36,mismatched_bracket,36,missing_parenthesis,False
1000,0.25,18,31,mismatched_bracket,31,missing_parenthesis,False
1000,0.25,19,34,mismatched_quotation,34,missing_comma,False
1000,0.25,20,29,missing_comma,29,missing_comma,True
1000,0.25,21,31,missing_colon,31,missing_colon,True
1000,0.25,22,23,missing_comma,23,missing_comma,True
1000,0.25,23,27,mismatched_bracket,27,missing_parenthesis,False
1000,0.25,24,35,mismatched_bracket,35,missing_parenthesis,False
1000,0.5,0,63,missing_quotation,64,missing_comma,False
1000,0.5,1,62,mismatched_bracket,62,missing_parenthesis,False
1000,0.5,2,56,missing_colon,56,missing_colon,True
1000,0.5,3,63,missing_parenthesis,63,missing_parenthesis,True
1000,0.5,4,66,missing_quotation,65,missing_quotation,False
1000,0.5,5,70,mismatched_quotation,70,missing_quotation,False
1000,0.5,6,66,mismatched_quotation,66,mismatched_quotation,True
1000,0.5,7,63,missing_quotation,63,missing_quotation,True
1000,0.5,8,70,missing_colon,3,keywords_as_identifier,False
1000,0.5,9,61,missing_colon,61,missing_colon,True
1000,0.5,10,64,missing_quotation,88,keywords_as_identifier,False
1000,0.5,11,68,mismatched_quotation,68,missing_quotation,False
1000,0.5,12,71,missing_parenthesis,71,missing_parenthesis,True
1000,0.5,13,71,missing_comma,71,missing_comma,True
1000,0.5,14,65,missing_parenthesis,65,missing_parenthesis,True
1000,0.5,15,70,missing_comma,70,missing_comma,True
1000,0.5,16,74,missing_comma,74,missing_comma,True
1000,0.5,17,60,missing_colon,60,missing_colon,True
1000,0.5,18,62,missing_quotation,62,missing_parenthesis,False
1000,0.5,19,62,mismatched_bracket,62,missing_comma,False
1000,0.5,20,61,missing_parenthesis,120,missing_parenthesis,False
1000,0.5,21,60,missing_comma,60,missing_comma,True
1000,0.5,22,63,missing_colon,63,missing_colon,True
1000,0.5,23,73,missing_parenthesis,73,missing_parenthesis,True
1000,0.5,24,71,missing_quotation,71,missing_comma,False
1000,0.75,0,107,missing_parenthesis,107,missing_parenthesis,True
1000,0.75,1,94,missing_quotation,58,missing_comma,False
1000,0.75,2,93,missing_parenthesis,93,missing_parenthesis,True
1000,0.75,3,103,mismatched_quotation,103,missing_quotation,False
1000,0.75,4,100,mismatched_bracket,100,missing_parenthesis,False
1000,0.75,5,100,keywords_as_identifier,100,keywords_as_identifier,True
1000,0.75,6,95,missing_colon,95,missing_colon,True
1000,0.75,7,93,mismatched_bracket,93,missing_parenthesis,False
1000,0.75,8,96,mismatched_quotation,96,missing_quotation,False
1000,0.75,9,110,missing_comma,110,missing_comma,True
1000,0.75,10,100,mismatched_bracket,100,missing_parenthesis,False
1000,0.75,11,96,missing_quotation,6,missing_colon,False
1000,0.75,12,97,keywords_as_identifier,97,keywords_as_identifier,True
1000,0.75,13,92,missing_parenthesis,92,missing_parenthesis,True
1000,0.75,14,97,missing_comma,114,missing_colon,False
1000,0.75,15,93,mismatched_quotation,93,missing_quotation,False
1000,0.75,16,92,missing_parenthesis,92,missing_parenthesis,True
1000,0.75,17,101,missing_parenthesis,101,missing_parenthesis,True
1000,0.75,18,98,mismatched_quotation,98,mismatched_quotation,True
1000,0.75,19,101,missing_comma,101,missing_parenthesis,False
1000,0.75,20,95,keywords_as_identifier,27,keywords_as_identifier,False
1000,0.75,21,99,missing_parenthesis,99,missing_parenthesis,True
1000,0.75,22,95,missing_colon,95,missing_colon,True
1000,0.75,23,93,mismatched_bracket,93,mismatched_bracket,True
1000,0.75,24,103,missing_colon,103,missing_colon,True
1000,1.0,0,130,missing_comma,130,missing_comma,True
1000,1.0,1,124,keywords_as_identifier,124,keywords_as_identifier,True
1000,1.0,2,140,mismatched_bracket,140,missing_parenthesis,False
1000,1.0,3,130,missing_parenthesis,130,missing_parenthesis,True
1000,1.0,4,130,mismatched_bracket,130,missing_parenthesis,False
1000,1.0,5,135,missing_comma,135,missing_comma,True
1000,1.0,6,132,mismatched_bracket,132,missing_parenthesis,False
1000,1.0,7,137,missing_colon,137,missing_colon,True
1000,1.0,8,141,mismatched_quotation,141,missing_quotation,False
1000,1.0,9,122,missing_colon,122,missing_colon,True
1000,1.0,10,128,missing_colon,128,missing_colon,True
1000,1.0,11,123,mismatched_bracket,123,missing_parenthesis,False
1000,1.0,12,136,mismatched_quotation,102,mismatched_quotation,False
1000,1.0,13,127,missing_quotation,127,missing_quotation,True
1000,1.0,14,134,missing_colon,134,missing_colon,True
1000,1.0,15,139,missing_quotation,139,mismatched_quotation,False
1000,1.0,16,129,missing_colon,129,missing_colon,True
1000,1.0,17,130,missing_parenthesis,130,missing_parenthesis,True
1000,1.0,18,126,missing_parenthesis,126,missing_parenthesis,True
1000,1.0,19,131,missing_parenthesis,131,missing_parenthesis,True
1000,1.0,20,141,missing_comma,141,missing_comma,True
1000,1.0,21,138,missing_comma,138,missing_comma,True
1000,1.0,22,134,missing_colon,134,missing_colon,True
1000,1.0,23,136,missing_parenthesis,136,missing_parenthesis,True
1000,1.0,24,127,missing_comma,127,missing_comma,True
2000,0.0,0,2,mismatched_quotation,2,missing_quotation,False
2000,0.0,1,3,missing_quotation,3,missing_quotation,True
2000,0.0,2,3,missing_quotation,53,missing_parenthesis,False
2000,0.0,3,1,keywords_as_identifier,1,missing_colon,False
2000,0.0,4,6,missing_comma,6,missing_parenthesis,False
2000,0.0,5,2,missing_quotation,2,missing_colon,False
2000,0.0,6,1,missing_parenthesis,1,missing_colon,False
2000,0.0,7,1,missing_parenthesis,1,missing_colon,False
2000,0.0,8,1,keywords_as_identifier,1,keywords_as_identifier,True
2000,0.0,9,1,missing_comma,1,missing_colon,False
2000,0.0,10,4,missing_parenthesis,4,missing_parenthesis,True
2000,0.0,11,1,keywords_as_identifier,1,keywords_as_identifier,True
2000,0.0,12,3,missing_comma,3,missing_comma,True
2000,0.0,13,4,missing_quotation,4,missing_parenthesis,False
2000,0.0,14,4,mismatched_bracket,4,missing_parenthesis,False
2000,0.0,15,2,mismatched_quotation,2,missing_quotation,False
2000,0.0,16,1,mismatched_bracket,1,missing_comma,False
2000,0.0,17,1,missing_colon,1,missing_colon,True
2000,0.0,18,3,missing_colon,3,missing_colon,True
2000,0.0,19,1,keywords_as_identifier,14,missing_colon,False
2000,0.0,20,10,missing_comma,10,missing_comma,True
2000,0.0,21,1,missing_quotation,1,missing_quotation,True
2000,0.0,22,6,mismatched_quotation,6,mismatched_quotation,True
2000,0.0,23,1,missing_comma,1,missing_comma,True
2000,0.0,24,1,keywords_as_identifier,1,keywords_as_identifier,True
2000,0.25,0,75,mismatched_quotation,75,mismatched_quotation,True
2000,0.25,1,61,missing_comma,61,missing_comma,True
2000,0.25,2,65,keywords_as_identifier,65,keywords_as_identifier,True
2000,0.25,3,67,missing_parenthesis,92,missing_colon,False
2000,0.25,4,66,missing_colon,66,missing_colon,True
2000,0.25,5,67,missing_comma,67,missing_comma,True
2000,0.25,6,64,mismatched_bracket,64,missing_parenthesis,False
2000,0.25,7,64,keywords_as_identifier,264,missing_comma,False
2000,0.25,8,58,missing_comma,58,missing_comma,True
2000,0.25,9,66,missing_parenthesis,66,missing_comma,False
2000,0.25,10,61,missing_colon,61,missing_colon,True
2000,0.25,11,65,missing_quotation,65,missing_parenthesis,False
2000,0.25,12,62,keywords_as_identifier,62,keywords_as_identifier,True
2000,0.25,13,72,mismatched_quotation,72,mismatched_quotation,True
2000,0.25,14,63,missing_comma,63,missing_comma,True
2000,0.25,15,70,missing_quotation,70,missing_quotation,True
2000,0.25,16,65,missing_parenthesis,65,missing_comma,False
2000,0.25,17,62,mismatched_bracket,62,missing_parenthesis,False
2000,0.25,18,64,missing_comma,64,missing_comma,True
2000,0.25,19,66,missing_parenthesis,66,missing_parenthesis,True
2000,0.25,20,65,missing_parenthesis,65,missing_parenthesis,True
2000,0.25,21,63,keywords_as_identifier,63,keywords_as_identifier,True
2000,0.25,22,67,keywords_as_identifier,67,keywords_as_identifier,True
2000,0.25,23,66,missing_comma,66,missing_parenthesis,False
2000,0.25,24,71,missing_colon,71,missing_colon,True
2000,0.5,0,130,missing_colon,130,missing_colon,True
2000,0.5,1,129,keywords_as_identifier,129,keywords_as_identifier,True
2000,0.5,2,123,mismatched_quotation,123,mismatched_quotation,True
2000,0.5,3,133,mismatched_bracket,133,missing_parenthesis,False
2000,0.5,4,124,missing_comma,124,missing_parenthesis,False
2000,0.5,5,134,missing_comma,134,missing_comma,True
2000,0.5,6,129,keywords_as_identifier,134,keywords_as_identifier,False
2000,0.5,7,129,keywords_as_identifier,79,missing_quotation,False
2000,0.5,8,131,missing_colon,131,missing_colon,True
2000,0.5,9,127,keywords_as_identifier,127,keywords_as_identifier,True
2000,0.5,10,127,missing_parenthesis,22,missing_parenthesis,False
2000,0.5,11,126,missing_parenthesis,126,missing_parenthesis,True
2000,0.5,12,135,mismatched_quotation,118,missing_colon,False
2000,0.5,13,137,missing_quotation,137,mismatched_quotation,False
2000,0.5,14,128,missing_parenthesis,128,missing_parenthesis,True
2000,0.5,15,134,missing_parenthesis,134,missing_parenthesis,True
2000,0.5,16,133,missing_comma,133,missing_comma,True
2000,0.5,17,132,missing_comma,132,missing_comma,True
2000,0.5,18,124,missing_colon,124,missing_colon,True
2000,0.5,19,132,missing_quotation,132,missing_quotation,True
2000,0.5,20,137,missing_colon,137,missing_colon,True
2000,0.5,21,121,mismatched_quotation,255,missing_comma,False
2000,0.5,22,138,mismatched_quotation,138,mismatched_quotation,True
2000,0.5,23,131,missing_quotation,131,missing_quotation,True
2000,0.5,24,142,mismatched_bracket,142,missing_parenthesis,False
2000,0.75,0,207,mismatched_bracket,207,mismatched_bracket,True
2000,0.75,1,195,missing_quotation,183,keywords_as_identifier,False
2000,0.75,2,195,missing_parenthesis,195,missing_parenthesis,True
2000,0.75,3,192,missing_comma,192,missing_comma,True
2000,0.75,4,191,keywords_as_identifier,87,missing_comma,False
2000,0.75,5,191,missing_parenthesis,190,missing_parenthesis,False
2000,0.75,6,201,missing_parenthesis,201,missing_parenthesis,True
2000,0.75,7,189,missing_colon,189,missing_colon,True
2000,0.75,8,196,missing_colon,196,missing_colon,True
2000,0.75,9,198,mismatched_quotation,198,mismatched_quotation,True
2000,0.75,10,188,missing_colon,188,missing_parenthesis,False
2000,0.75,11,184,missing_comma,184,missing_comma,True
2000,0.75,12,202,missing_colon,202,missing_colon,True
2000,0.75,13,196,mismatched_bracket,196,missing_parenthesis,False
2000,0.75,14,203,missing_colon,203,missing_colon,True
2000,0.75,15,187,keywords_as_identifier,187,missing_parenthesis,False
2000,0.75,16,196,missing_colon,196,missing_colon,True
2000,0.75,17,186,mismatched_quotation,186,missing_quotation,False
2000,0.75,18,196,mismatched_quotation,90,mismatched_bracket,False
2000,0.75,19,193,missing_colon,193,missing_colon,True
2000,0.75,20,208,mismatched_bracket,208,missing_parenthesis,False
2000,0.75,21,197,missing_quotation,197,missing_quotation,True
2000,0.75,22,184,missing_comma,184,missing_comma,True
2000,0.75,23,195,missing_parenthesis,195,missing_parenthesis,True
2000,0.75,24,189,missing_colon,189,missing_colon,True
2000,1.0,0,251,missing_comma,251,missing_comma,True
2000,1.0,1,257,missing_colon,23,missing_comma,False
2000,1.0,2,261,missing_comma,261,missing_comma,True
2000,1.0,3,264,keywords_as_identifier,264,keywords_as_identifier,True
2000,1.0,4,260,mismatched_quotation,43,missing_parenthesis,False
2000,1.0,5,261,keywords_as_identifier,261,keywords_as_identifier,True
2000,1.0,6,261,missing_comma,261,missing_comma,True
2000,1.0,7,262,keywords_as_identifier,66,keywords_as_identifier,False
2000,1.0,8,260,keywords_as_identifier,260,keywords_as_identifier,True
2000,1.0,9,256,keywords_as_identifier,259,keywords_as_identifier,False
2000,1.0,10,270,missing_colon,270,missing_colon,True
2000,1.0,11,252,missing_colon,252,missing_colon,True
2000,1.0,12,266,missing_colon,266,missing_colon,True
2000,1.0,13,248,mismatched_quotation,67,missing_colon,False
2000,1.0,14,263,missing_comma,263,missing_comma,True
2000,1.0,15,259,missing_colon,259,missing_colon,True
2000,1.0,16,258,missing_quotation,18,missing_colon,False
2000,1.0,17,257,mismatched_bracket,257,missing_parenthesis,False
2000,1.0,18,264,mismatched_bracket,264,mismatched_bracket,True
2000,1.0,19,254,mismatched_bracket,254,missing_parenthesis,False
2000,1.0,20,258,missing_comma,258,missing_comma,True
2000,1.0,21,253,missing_colon,253,missing_colon,True
2000,1.0,22,251,missing_comma,251,missing_comma,True
2000,1.0,23,263,mismatched_bracket,263,missing_comma,False
2000,1.0,24,258,mismatched_bracket,258,missing_parenthesis,False
4000,0.0,0,3,mismatched_bracket,3,missing_colon,False
4000,0.0,1,2,missing_parenthesis,2,missing_colon,False
4000,0.0,2,2,mismatched_quotation,2,missing_quotation,False
4000,0.0,3,1,missing_quotation,1,missing_comma,False
4000,0.0,4,1,mismatched_bracket,1,missing_comma,False
4000,0.0,5,3,missing_quotation,3,missing_parenthesis,False
4000,0.0,6,4,mismatched_quotation,4,missing_quotation,False
4000,0.0,7,3,mismatched_bracket,3,missing_parenthesis,False
4000,0.0,8,1,keywords_as_identifier,1,keywords_as_identifier,True
4000,0.0,9,1,keywords_as_identifier,1,keywords_as_identifier,True
4000,0.0,10,1,keywords_as_identifier,1,keywords_as_identifier,True
4000,0.0,11,2,mismatched_quotation,2,missing_quotation,False
4000,0.0,12,2,mismatched_quotation,2,missing_quotation,False
4000,0.0,13,3,mismatched_quotation,3,missing_comma,False
4000,0.0,14,2,missing_quotation,2,missing_quotation,True
4000,0.0,15,2,missing_comma,2,missing_comma,True
4000,0.0,16,1,missing_colon,1,missing_colon,True
4000,0.0,17,1,missing_colon,1,missing_colon,True
4000,0.0,18,1,mismatched_bracket,1,missing_colon,False
4000,0.0,19,8,missing_quotation,8,missing_parenthesis,False
4000,0.0,20,4,missing_colon,4,missing_colon,True
4000,0.0,21,3,missing_quotation,3,missing_quotation,True
4000,0.0,22,1,missing_parenthesis,1,missing_colon,False
4000,0.0,23,9,mismatched_quotation,9,missing_quotation,False
4000,0.0,24,1,keywords_as_identifier,1,keywords_as_identifier,True
4000,0.25,0,124,missing_parenthesis,124,missing_parenthesis,True
4000,0.25,1,128,missing_parenthesis,128,missing_parenthesis,True
4000,0.25,2,130,mismatched_bracket,52,keywords_as_identifier,False
4000,0.25,3,129,mismatched_quotation,1,keywords_as_identifier,False
4000,0.25,4,133,missing_parenthesis,133,missing_parenthesis,True
4000,0.25,5,130,missing_quotation,130,missing_parenthesis,False
4000,0.25,6,135,missing_parenthesis,135,missing_parenthesis,True
4000,0.25,7,137,keywords_as_identifier,137,keywords_as_identifier,True
4000,0.25,8,134,missing_parenthesis,134,missing_colon,False
4000,0.25,9,127,missing_comma,127,missing_parenthesis,False
4000,0.25,10,121,missing_colon,121,missing_colon,True
4000,0.25,11,123,missing_parenthesis,123,missing_parenthesis,True
4000,0.25,12,127,mismatched_bracket,127,missing_parenthesis,False
4000,0.25,13,116,missing_quotation,116,missing_quotation,True
4000,0.25,14,128,missing_quotation,12,missing_quotation,False
4000,0.25,15,129,mismatched_bracket,129,mismatched_bracket,True
4000,0.25,16,124,mismatched_quotation,124,missing_quotation,False
4000,0.25,17,143,mismatched_quotation,48,missing_colon,False
4000,0.25,18,134,missing_comma,134,missing_comma,True
4000,0.25,19,126,keywords_as_identifier,4,missing_parenthesis,False
4000,0.25,20,129,missing_comma,129,missing_parenthesis,False
4000,0.25,21,135,missing_quotation,135,mismatched_parenthesis,False
4000,0.25,22,129,keywords_as_identifier,129,keywords_as_identifier,True
4000,0.25,23,124,missing_colon,124,missing_colon,True
4000,0.25,24,126,mismatched_bracket,126,missing_quotation,False
4000,0.5,0,258,missing_parenthesis,258,missing_parenthesis,True
4000,0.5,1,254,mismatched_quotation,9,keywords_as_identifier,False
4000,0.5,2,269,mismatched_quotation,269,missing_quotation,False
4000,0.5,3,266,missing_comma,266,missing_comma,True
4000,0.5,4,249,missing_parenthesis,249,missing_parenthesis,True
4000,0.5,5,256,keywords_as_identifier,256,keywords_as_identifier,True
4000,0.5,6,258,missing_comma,258,missing_comma,True
4000,0.5,7,263,missing_parenthesis,263,missing_parenthesis,True
4000,0.5,8,267,missing_colon,26,missing_parenthesis,False
4000,0.5,9,271,missing_parenthesis,271,missing_parenthesis,True
4000,0.5,10,258,missing_colon,258,missing_colon,True
4000,0.5,11,263,mismatched_bracket,263,missing_parenthesis,False
4000,0.5,12,249,mismatched_bracket,249,missing_comma,False
4000,0.5,13,254,mismatched_bracket,254,missing_parenthesis,False
4000,0.5,14,253,mismatched_bracket,253,missing_colon,False
4000,0.5,15,258,keywords_as_identifier,259,keywords_as_identifier,False
4000,0.5,16,261,missing_parenthesis,261,mismatched_bracket,False
4000,0.5,17,266,missing_quotation,266,missing_comma,False
4000,0.5,18,256,mismatched_quotation,256,missing_quotation,False
4000,0.5,19,261,missing_comma,261,missing_comma,True
4000,0.5,20,263,keywords_as_identifier,263,keywords_as_identifier,True
4000,0.5,21,254,missing_parenthesis,254,missing_parenthesis,True
4000,0.5,22,266,mismatched_bracket,266,missing_parenthesis,False
4000,0.5,23,273,missing_colon,273,missing_colon,True
4000,0.5,24,253,keywords_as_identifier,254,keywords_as_identifier,False
4000,0.75,0,390,mismatched_quotation,1,missing_colon,False
4000,0.75,1,393,missing_quotation,393,mismatched_quotation,False
4000,0.75,2,392,keywords_as_identifier,41,missing_colon,False
4000,0.75,3,396,missing_parenthesis,396,missing_parenthesis,True
4000,0.75,4,391,keywords_as_identifier,164,missing_colon,False
4000,0.75,5,391,keywords_as_identifier,391,keywords_as_identifier,True
4000,0.75,6,403,missing_parenthesis,403,missing_parenthesis,True
4000,0.75,7,392,mismatched_quotation,5,keywords_as_identifier,False
4000,0.75,8,395,missing_quotation,395,missing_quotation,True
4000,0.75,9,381,missing_quotation,381,missing_comma,False
4000,0.75,10,396,missing_comma,12,missing_comma,False
4000,0.75,11,383,mismatched_bracket,451,missing_comma,False
4000,0.75,12,391,missing_parenthesis,391,missing_parenthesis,True
4000,0.75,13,390,mismatched_bracket,389,mismatched_bracket,False
4000,0.75,14,391,keywords_as_identifier,51,keywords_as_identifier,False
4000,0.75,15,397,missing_comma,397,missing_comma,True
4000,0.75,16,390,missing_comma,390,missing_comma,True
4000,0.75,17,382,missing_colon,382,missing_colon,True
4000,0.75,18,379,keywords_as_identifier,380,keywords_as_identifier,False
4000,0.75,19,402,mismatched_quotation,402,missing_quotation,False
4000,0.75,20,375,missing_quotation,375,missing_comma,False
4000,0.75,21,402,keywords_as_identifier,51,missing_colon,False
4000,0.75,22,401,mismatched_bracket,401,missing_parenthesis,False
4000,0.75,23,402,mismatched_quotation,402,mismatched_quotation,True
4000,0.75,24,403,mismatched_bracket,41,missing_quotation,False
4000,1.0,0,532,missing_parenthesis,532,missing_parenthesis,True
4000,1.0,1,534,missing_quotation,534,missing_quotation,True
4000,1.0,2,515,missing_quotation,515,missing_quotation,True
4000,1.0,3,542,mismatched_quotation,542,mismatched_bracket,False
4000,1.0,4,525,mismatched_quotation,525,mismatched_quotation,True
4000,1.0,5,516,mismatched_bracket,31,missing_colon,False
4000,1.0,6,526,missing_comma,59,keywords_as_identifier,False
4000,1.0,7,526,mismatched_bracket,256,missing_comma,False
4000,1.0,8,516,missing_colon,516,missing_parenthesis,False
4000,1.0,9,507,missing_comma,507,missing_comma,True
4000,1.0,10,518,mismatched_quotation,518,missing_quotation,False
4000,1.0,11,520,mismatched_bracket,520,mismatched_bracket,True
4000,1.0,12,510,missing_parenthesis,510,missing_parenthesis,True
4000,1.0,13,526,missing_quotation,526,missing_comma,False
4000,1.0,14,512,keywords_as_identifier,175,keywords_as_identifier,False
4000,1.0,15,518,mismatched_quotation,518,missing_quotation,False
4000,1.0,16,537,mismatched_quotation,537,missing_quotation,False
4000,1.0,17,518,missing_comma,189,missing_comma,False
4000,1.0,18,536,mismatched_quotation,135,missing_parenthesis,False
4000,1.0,19,527,mismatched_bracket,527,missing_parenthesis,False
4000,1.0,20,522,missing_comma,522,missing_comma,True
4000,1.0,21,526,keywords_as_identifier,526,keywords_as_identifier,True
4000,1.0,22,515,keywords_as_identifier,302,missing_colon,False
4000,1.0,23,530,missing_parenthesis,530,missing_parenthesis,True
4000,1.0,24,494,missing_colon,494,missing_colon,True
8000,0.0,0,1,missing_parenthesis,1,missing_colon,False
8000,0.0,1,1,mismatched_bracket,1,missing_colon,False
8000,0.0,2,1,mismatched_bracket,1,missing_colon,False
8000,0.0,3,1,mismatched_bracket,1,missing_colon,False
8000,0.0,4,1,missing_parenthesis,1,missing_parenthesis,True
8000,0.0,5,3,mismatched_quotation,3,missing_quotation,False
8000,0.0,6,1,missing_colon,1,missing_colon,True
8000,0.0,7,3,missing_parenthesis,3,missing_parenthesis,True
8000,0.0,8,1,missing_parenthesis,1,missing_parenthesis,True
8000,0.0,9,1,mismatched_bracket,1,missing_colon,False
8000,0.0,10,3,mismatched_bracket,3,missing_parenthesis,False
8000,0.0,11,1,keywords_as_identifier,1,keywords_as_identifier,True
8000,0.0,12,3,missing_quotation,282,missing_comma,False
8000,0.0,13,1,missing_colon,106,missing_colon,False
8000,0.0,14,2,missing_quotation,2,missing_quotation,True
8000,0.0,15,1,missing_parenthesis,1,missing_colon,False
8000,0.0,16,1,missing_colon,1,missing_colon,True
8000,0.0,17,2,mismatched_bracket,2,missing_colon,False
8000,0.0,18,1,mismatched_bracket,1,missing_colon,False
8000,0.0,19,1,missing_quotation,1,missing_quotation,True
8000,0.0,20,3,mismatched_quotation,3,missing_quotation,False
8000,0.0,21,1,mismatched_bracket,1,missing_parenthesis,False
8000,0.0,22,1,missing_parenthesis,1,missing_colon,False
8000,0.0,23,7,mismatched_quotation,7,mismatched_quotation,True
8000,0.0,24,1,keywords_as_identifier,1024,mismatched_bracket,False
8000,0.25,0,260,missing_colon,3,keywords_as_identifier,False
8000,0.25,1,256,keywords_as_identifier,256,missing_comma,False
8000,0.25,2,264,mismatched_quotation,5,missing_parenthesis,False
8000,0.25,3,252,missing_comma,82,missing_colon,False
8000,0.25,4,256,missing_parenthesis,256,missing_parenthesis,True
8000,0.25,5,263,missing_parenthesis,263,missing_parenthesis,True
8000,0.25,6,249,mismatched_bracket,249,missing_parenthesis,False
8000,0.25,7,265,missing_quotation,100,missing_colon,False
8000,0.25,8,255,mismatched_bracket,255,missing_parenthesis,False
8000,0.25,9,261,mismatched_bracket,261,missing_colon,False
8000,0.25,10,271,mismatched_bracket,271,mismatched_bracket,True
8000,0.25,11,262,keywords_as_identifier,54,missing_colon,False
8000,0.25,12,251,missing_parenthesis,251,missing_parenthesis,True
8000,0.25,13,269,missing_quotation,269,missing_quotation,True
8000,0.25,14,264,keywords_as_identifier,1,keywords_as_identifier,False
8000,0.25,15,260,missing_quotation,20,missing_colon,False
8000,0.25,16,264,missing_colon,264,missing_colon,True
8000,0.25,17,258,missing_parenthesis,258,missing_parenthesis,True
8000,0.25,18,253,missing_comma,254,missing_comma,False
8000,0.25,19,248,missing_colon,1,missing_colon,False
8000,0.25,20,270,mismatched_quotation,54,keywords_as_identifier,False
8000,0.25,21,259,mismatched_quotation,75,mismatched_quotation,False
8000,0.25,22,265,keywords_as_identifier,3,missing_colon,False
8000,0.25,23,256,missing_colon,256,missing_colon,True
8000,0.25,24,259,keywords_as_identifier,6,missing_colon,False
8000,0.5,0,538,missing_comma,12,keywords_as_identifier,False
8000,0.5,1,535,mismatched_quotation,14,keywords_as_identifier,False
8000,0.5,2,522,missing_parenthesis,522,missing_parenthesis,True
8000,0.5,3,526,mismatched_quotation,247,keywords_as_identifier,False
8000,0.5,4,526,mismatched_bracket,526,missing_comma,False
8000,0.5,5,516,missing_parenthesis,137,missing_comma,False
8000,0.5,6,542,missing_comma,1,keywords_as_identifier,False
8000,0.5,7,532,mismatched_bracket,532,missing_parenthesis,False
8000,0.5,8,520,missing_comma,14,missing_colon,False
8000,0.5,9,531,missing_quotation,23,missing_colon,False
8000,0.5,10,532,mismatched_quotation,59,missing_colon,False
8000,0.5,11,536,missing_quotation,536,missing_parenthesis,False
8000,0.5,12,521,missing_parenthesis,4,missing_colon,False
8000,0.5,13,518,missing_comma,518,missing_comma,True
8000,0.5,14,521,missing_comma,57,keywords_as_identifier,False
8000,0.5,15,516,mismatched_quotation,15,keywords_as_identifier,False
8000,0.5,16,524,mismatched_quotation,1,missing_colon,False
8000,0.5,17,520,mismatched_quotation,520,missing_quotation,False
8000,0.5,18,543,keywords_as_identifier,4,missing_colon,False
8000,0.5,19,507,missing_parenthesis,507,missing_parenthesis,True
8000,0.5,20,508,keywords_as_identifier,274,missing_colon,False
8000,0.5,21,526,mismatched_quotation,6,mismatched_quotation,False
8000,0.5,22,513,mismatched_quotation,7,missing_colon,False
8000,0.5,23,530,missing_parenthesis,1,missing_colon,False
8000,0.5,24,533,mismatched_quotation,533,missing_quotation,False
8000,0.75,0,783,missing_comma,643,missing_comma,False
8000,0.75,1,810,missing_quotation,810,missing_parenthesis,False
8000,0.75,2,804,keywords_as_identifier,722,missing_parenthesis,False
8000,0.75,3,792,mismatched_bracket,51,missing_colon,False
8000,0.75,4,787,missing_quotation,787,missing_parenthesis,False
8000,0.75,5,770,mismatched_quotation,306,missing_colon,False
8000,0.75,6,795,missing_comma,29,missing_comma,False
8000,0.75,7,811,mismatched_quotation,811,missing_quotation,False
8000,0.75,8,792,missing_quotation,792,missing_parenthesis,False
8000,0.75,9,782,missing_colon,8,missing_colon,False
8000,0.75,10,796,keywords_as_identifier,11,keywords_as_identifier,False
8000,0.75,11,773,keywords_as_identifier,41,keywords_as_identifier,False
8000,0.75,12,786,mismatched_bracket,547,missing_parenthesis,False
8000,0.75,13,799,missing_quotation,121,missing_colon,False
8000,0.75,14,796,missing_parenthesis,29,missing_colon,False
8000,0.75,15,798,missing_quotation,597,missing_comma,False
8000,0.75,16,807,mismatched_quotation,10,keywords_as_identifier,False
8000,0.75,17,793,mismatched_bracket,793,missing_parenthesis,False
8000,0.75,18,786,missing_comma,19,mismatched_quotation,False
8000,0.75,19,787,missing_colon,7,missing_colon,False
8000,0.75,20,805,mismatched_bracket,26,missing_colon,False
8000,0.75,21,778,missing_parenthesis,778,missing_parenthesis,True
8000,0.75,22,815,mismatched_quotation,27,missing_parenthesis,False
8000,0.75,23,776,mismatched_bracket,776,missing_colon,False
8000,0.75,24,793,mismatched_quotation,15,missing_colon,False
8000,1.0,0,1041,keywords_as_identifier,1041,keywords_as_identifier,True
8000,1.0,1,1042,missing_quotation,42,missing_quotation,False
8000,1.0,2,1029,missing_colon,1029,missing_colon,True
8000,1.0,3,1029,missing_comma,1029,missing_comma,True
8000,1.0,4,1059,missing_parenthesis,1059,missing_parenthesis,True
8000,1.0,5,1025,mismatched_bracket,52,missing_colon,False
8000,1.0,6,1023,missing_parenthesis,1023,missing_parenthesis,True
8000,1.0,7,1040,missing_comma,1040,missing_comma,True
8000,1.0,8,1014,mismatched_quotation,1014,missing_quotation,False
8000,1.0,9,1038,missing_comma,1038,missing_comma,True
8000,1.0,10,1036,missing_parenthesis,1036,missing_parenthesis,True
8000,1.0,11,1011,missing_quotation,1,keywords_as_identifier,False
8000,1.0,12,1028,mismatched_quotation,6,mismatched_quotation,False
8000,1.0,13,1040,keywords_as_identifier,40,missing_colon,False
8000,1.0,14,1060,missing_colon,39,missing_parenthesis,False
8000,1.0,15,1045,mismatched_bracket,1045,mismatched_bracket,True
8000,1.0,16,1058,mismatched_bracket,1058,missing_parenthesis,False
8000,1.0,17,1027,missing_comma,1027,missing_comma,True
8000,1.0,18,1046,missing_parenthesis,1046,missing_parenthesis,True
8000,1.0,19,1034,missing_quotation,758,missing_colon,False
8000,1.0,20,1029,missing_parenthesis,1029,missing_parenthesis,True
8000,1.0,21,998,mismatched_bracket,998,missing_parenthesis,False
8000,1.0,22,1031,keywords_as_identifier,1013,missing_colon,False
8000,1.0,23,1025,missing_colon,1025,missing_colon,True
8000,1.0,24,1054,mismatched_quotation,1054,missing_quotation,False
15500,0.0,0,1,keywords_as_identifier,1,keywords_as_identifier,True
15500,0.0,1,1,missing_parenthesis,1,missing_colon,False
15500,0.0,2,2,missing_comma,1,missing_colon,False
15500,0.0,3,4,keywords_as_identifier,8,keywords_as_identifier,False
15500,0.0,4,1,missing_colon,1,missing_colon,True
15500,0.0,5,3,missing_quotation,3,missing_parenthesis,False
15500,0.0,6,4,missing_parenthesis,4,missing_parenthesis,True
15500,0.0,7,2,missing_quotation,2,missing_quotation,True
15500,0.0,8,1,mismatched_bracket,1,missing_colon,False
15500,0.0,9,4,missing_quotation,2,missing_colon,False
15500,0.0,10,3,mismatched_quotation,3,missing_quotation,False
15500,0.0,11,1,keywords_as_identifier,6,missing_colon,False
15500,0.0,12,1,missing_comma,1,missing_comma,True
15500,0.0,13,1,missing_colon,1,missing_colon,True
15500,0.0,14,1,missing_parenthesis,1,missing_colon,False
15500,0.0,15,6,mismatched_quotation,6,mismatched_quotation,True
15500,0.0,16,2,missing_quotation,14,missing_colon,False
15500,0.0,17,1,missing_comma,1,missing_comma,True
15500,0.0,18,2,mismatched_quotation,2,missing_quotation,False
15500,0.0,19,1,missing_parenthesis,1,missing_colon,False
15500,0.0,20,6,missing_quotation,6,mismatched_quotation,False
15500,0.0,21,1,keywords_as_identifier,7,keywords_as_identifier,False
15500,0.0,22,1,mismatched_bracket,1,missing_colon,False
15500,0.0,23,4,missing_quotation,4,missing_quotation,True
15500,0.0,24,1,keywords_as_identifier,4,keywords_as_identifier,False
15500,0.25,0,495,missing_quotation,12,keywords_as_identifier,False
15500,0.25,1,497,missing_parenthesis,1714,missing_colon,False
15500,0.25,2,505,missing_colon,505,missing_colon,True
15500,0.25,3,497,keywords_as_identifier,46,keywords_as_identifier,False
15500,0.25,4,504,missing_colon,13,keywords_as_identifier,False
15500,0.25,5,496,missing_comma,6,missing_colon,False
15500,0.25,6,523,missing_colon,523,missing_colon,True
15500,0.25,7,505,missing_colon,505,missing_parenthesis,False
15500,0.25,8,511,missing_colon,1460,missing_colon,False
15500,0.25,9,502,keywords_as_identifier,19,mismatched_quotation,False
15500,0.25,10,500,missing_colon,500,missing_colon,True
15500,0.25,11,504,mismatched_bracket,20,missing_colon,False
15500,0.25,12,502,mismatched_quotation,502,missing_quotation,False
15500,0.25,13,532,missing_quotation,78,missing_colon,False
15500,0.25,14,514,mismatched_quotation,14,missing_colon,False
15500,0.25,15,504,missing_colon,504,missing_colon,True
15500,0.25,16,506,mismatched_quotation,506,missing_quotation,False
15500,0.25,17,494,keywords_as_identifier,12,missing_colon,False
15500,0.25,18,522,missing_comma,4,missing_colon,False
15500,0.25,19,507,mismatched_bracket,507,missing_bracket,False
15500,0.25,20,508,missing_comma,23,missing_colon,False
15500,0.25,21,501,missing_comma,102,missing_parenthesis,False
15500,0.25,22,512,missing_colon,512,missing_colon,True
15500,0.25,23,507,missing_colon,507,missing_colon,True
15500,0.25,24,515,missing_comma,19,missing_parenthesis,False
15500,0.5,0,1009,keywords_as_identifier,113,missing_parenthesis,False
15500,0.5,1,997,missing_quotation,67,missing_colon,False
15500,0.5,2,1008,missing_colon,1008,missing_parenthesis,False
15500,0.5,3,992,keywords_as_identifier,20,missing_comma,False
15500,0.5,4,1007,mismatched_bracket,6,missing_quotation,False
15500,0.5,5,1020,missing_colon,12,keywords_as_identifier,False
15500,0.5,6,1001,mismatched_bracket,1001,missing_parenthesis,False
15500,0.5,7,1016,missing_comma,16,missing_colon,False
15500,0.5,8,1016,mismatched_bracket,11,keywords_as_identifier,False
15500,0.5,9,984,missing_colon,28,keywords_as_identifier,False
15500,0.5,10,1021,mismatched_bracket,21,missing_colon,False
15500,0.5,11,1014,keywords_as_identifier,1803,missing_colon,False
15500,0.5,12,1003,missing_comma,8,keywords_as_identifier,False
15500,0.5,13,982,mismatched_quotation,18,missing_colon,False
15500,0.5,14,1010,mismatched_quotation,1010,missing_quotation,False
15500,0.5,15,1014,keywords_as_identifier,1014,keywords_as_identifier,True
15500,0.5,16,1008,keywords_as_identifier,127,keywords_as_identifier,False
15500,0.5,17,1007,missing_colon,1007,missing_parenthesis,False
15500,0.5,18,997,missing_comma,7,missing_parenthesis,False
15500,0.5,19,1003,missing_parenthesis,1003,missing_parenthesis,True
15500,0.5,20,1008,missing_colon,1008,missing_colon,True
15500,0.5,21,1001,missing_comma,1001,missing_comma,True
15500,0.5,22,1000,mismatched_bracket,1000,missing_bracket,False
15500,0.5,23,1016,keywords_as_identifier,1016,keywords_as_identifier,True
15500,0.5,24,994,keywords_as_identifier,11,missing_colon,False
15500,0.75,0,1443,mismatched_bracket,42,missing_colon,False
15500,0.75,1,1469,mismatched_quotation,20,missing_colon,False
15500,0.75,2,1459,missing_quotation,146,missing_colon,False
15500,0.75,3,1444,missing_comma,109,missing_colon,False
15500,0.75,4,1445,mismatched_quotation,1810,missing_colon,False
15500,0.75,5,1458,mismatched_quotation,286,missing_comma,False
15500,0.75,6,1460,missing_colon,159,missing_colon,False
15500,0.75,7,1455,keywords_as_identifier,4,missing_parenthesis,False
15500,0.75,8,1478,missing_parenthesis,119,missing_colon,False
15500,0.75,9,1456,missing_quotation,1,keywords_as_identifier,False
15500,0.75,10,1472,keywords_as_identifier,12,keywords_as_identifier,False
15500,0.75,11,1451,missing_parenthesis,1451,missing_parenthesis,True
15500,0.75,12,1496,missing_quotation,24,missing_colon,False
15500,0.75,13,1482,missing_comma,4,keywords_as_identifier,False
15500,0.75,14,1444,missing_parenthesis,1444,missing_parenthesis,True
15500,0.75,15,1456,missing_parenthesis,1456,missing_parenthesis,True
15500,0.75,16,1490,missing_quotation,2,missing_colon,False
15500,0.75,17,1477,mismatched_quotation,29,keywords_as_identifier,False
15500,0.75,18,1480,missing_quotation,1480,missing_quotation,True
15500,0.75,19,1461,missing_quotation,6,keywords_as_identifier,False
15500,0.75,20,1466,missing_comma,18,missing_colon,False
15500,0.75,21,1463,keywords_as_identifier,29,missing_colon,False
15500,0.75,22,1459,mismatched_bracket,748,missing_colon,False
15500,0.75,23,1459,missing_colon,12,missing_colon,False
15500,0.75,24,1432,mismatched_quotation,9,missing_comma,False
15500,1.0,0,1916,missing_parenthesis,1916,missing_parenthesis,True
15500,1.0,1,1917,keywords_as_identifier,106,missing_colon,False
15500,1.0,2,1908,missing_colon,1908,missing_colon,True
15500,1.0,3,1886,mismatched_bracket,57,mismatched_bracket,False
15500,1.0,4,1934,missing_comma,34,missing_comma,False
15500,1.0,5,1913,keywords_as_identifier,13,keywords_as_identifier,False
15500,1.0,6,1925,missing_comma,4,keywords_as_identifier,False
15500,1.0,7,1906,mismatched_bracket,1906,mismatched_bracket,True
15500,1.0,8,1938,missing_comma,1003,missing_colon,False
15500,1.0,9,1928,missing_quotation,63,missing_comma,False
15500,1.0,10,1939,missing_comma,53,mismatched_bracket,False
15500,1.0,11,1904,missing_comma,28,missing_parenthesis,False
15500,1.0,12,1892,missing_quotation,145,missing_parenthesis,False
15500,1.0,13,1945,missing_comma,100,missing_colon,False
15500,1.0,14,1952,missing_quotation,1952,missing_quotation,True
15500,1.0,15,1893,missing_parenthesis,1896,missing_colon,False
15500,1.0,16,1898,missing_quotation,86,mismatched_bracket,False
15500,1.0,17,1921,missing_quotation,102,missing_colon,False
15500,1.0,18,1926,keywords_as_identifier,4,missing_parenthesis,False
15500,1.0,19,1895,missing_comma,895,missing_colon,False
15500,1.0,20,1891,keywords_as_identifier,8,keywords_as_identifier,False
15500,1.0,21,1909,missing_comma,1050,missing_colon,False
15500,1.0,22,1942,missing_colon,1942,missing_colon,True
15500,1.0,23,1939,missing_comma,11,keywords_as_identifier,False
15500,1.0,24,1908,missing_comma,37,missing_comma,False
